<?xml version="1.0" encoding="UTF-8"?>
<!DOCTYPE suite SYSTEM "https://testng.org/testng-1.0.dtd">
<suite name="Suite">
	<groups>
		<run>
			<include name="regreesion"></include>
		</run>
	</groups>
  <test thread-count="5" name="Test">
    <classes>
      <class name="maccronProject.AddToBagTest"/>
      <class name="maccronProject.InvalidSearchTest"/>
      <class name="maccronProject.CategoriesTest"/>
      <class name="maccronProject.AutoSuggestionsTest"/>
      <class name="maccronProject.BlankPasswordTextFieldTest"/>
      <class name="maccronProject.ContactDetailTest"/>
    </classes>
  </test> <!-- Test -->
</suite> <!-- Suite -->
