<?xml version="1.0" encoding="UTF-8"?>
<!DOCTYPE suite SYSTEM "https://testng.org/testng-1.0.dtd">
<suite parallel="tests" name="Suite">
  <test thread-count="2" parallel="tests" name="Test1">
    <classes>
      <class name="maccronProject.AddToBagTest"/>
      <class name="maccronProject.CategoriesTest"/>
      <class name="maccronProject.AutoSuggestionsTest"/>
      <class name="maccronProject.ContactDetailTest"/>
    </classes>
  </test> <!-- Test -->
  
  <test thread-count="2" parallel="tests" name="Test2">
    <classes>
      <class name="maccronProject.InvalidSearchTest"/>
      <class name="maccronProject.BlankPasswordTextFieldTest"/>
    </classes>
  </test> <!-- Test -->
  
  
  
  
  
  
  
  
</suite> <!-- Suite -->
